id,themeType,canReceiveReward,order1_idOrder,order1_indexShow,order2_idOrder,order2_indexShow,order3_idOrder,order3_indexShow,order4_idOrder,order4_indexShow,order5_idOrder,order5_indexShow,order6_idOrder,order6_indexShow,order7_idOrder,order7_indexShow,reward1_resType,reward1_resId,reward1_resNumber,reward1_customValue,reward2_resType,reward2_resId,reward2_resNumber,reward2_customValue,reward3_resType,reward3_resId,reward3_resNumber,reward3_customValue,reward4_resType,reward4_resId,reward4_resNumber,reward4_customValue,reward5_resType,reward5_resId,reward5_resNumber,reward5_customValue,reward6_resType,reward6_resId,reward6_resNumber,reward6_customValue,reward7_resType,reward7_resId,reward7_resNumber,reward7_customValue
1,1,1,0,-1,1,-1,2,-1,3,-1,4,-1,5,-1,6,-1,2,13,1,3003,2,7,1,2003,2,141,1,18070,2,134,1,18054,,,,,,,,,,,,
2,1,1,7,-1,8,-1,9,-1,10,-1,11,-1,12,-1,13,-1,2,13,1,3003,2,77,1,10031,2,77,2,10030,2,77,1,10032,2,134,1,18054,2,141,1,18070,,,,
3,1,1,14,-1,15,-1,16,-1,17,-1,18,-1,19,-1,20,-1,2,13,1,3003,2,76,2,10020,2,76,1,10021,2,76,1,10022,2,134,1,18054,2,6,1,1003,2,141,1,18070
4,1,1,21,-1,22,-1,23,-1,24,-1,25,-1,26,-1,27,-1,2,17,1,4000,2,75,2,10012,2,13,1,3003,2,134,1,18054,2,141,1,18070,,,,,,,,
5,1,1,28,-1,29,-1,30,-1,31,-1,32,-1,33,-1,34,-1,2,7,1,2003,2,75,1,10013,2,74,2,10000,2,74,1,10001,2,74,1,10002,2,134,1,18054,2,141,1,18070
6,1,1,35,-1,36,-1,37,-1,38,-1,39,-1,40,-1,41,-1,2,13,1,3003,2,6,1,1003,2,17,1,4003,2,7,1,2003,2,134,1,18054,2,141,1,18070,,,,
7,2,1,42,-1,43,-1,44,-1,45,-1,46,-1,47,-1,48,-1,2,20,2,5000,2,20,1,5001,2,20,1,5002,2,6,1,1003,2,134,1,18054,2,141,1,18070,,,,
8,2,1,49,-1,50,-1,51,-1,52,-1,53,-1,54,-1,55,-1,2,74,1,10003,2,75,1,10013,2,134,1,18054,2,141,1,18070,,,,,,,,,,,,
9,2,1,56,-1,57,-1,58,-1,59,-1,60,-1,61,-1,62,-1,2,13,1,3003,2,20,1,5003,2,134,1,18054,,,,,,,,,,,,,,,,
10,2,1,63,-1,64,-1,65,-1,66,-1,67,-1,68,-1,69,-1,2,23,1,9000,2,17,1,4003,2,74,1,10003,2,134,1,18054,2,141,1,18070,,,,,,,,
11,2,1,70,-1,71,-1,72,-1,73,-1,74,-1,75,-1,76,-1,2,13,1,3003,2,6,1,1003,2,20,1,5003,2,134,1,18054,,,,,,,,,,,,
12,2,1,77,-1,78,-1,79,-1,80,-1,81,-1,82,-1,83,-1,2,23,1,9000,2,7,2,2002,2,134,1,18054,2,141,1,18070,,,,,,,,,,,,
13,2,1,84,-1,85,-1,86,-1,87,-1,88,-1,89,-1,90,-1,2,13,1,3003,2,17,1,4003,2,75,1,10013,2,134,1,18054,,,,,,,,,,,,
14,2,1,91,-1,92,-1,93,-1,94,-1,95,-1,96,-1,97,-1,2,23,1,9001,2,74,1,10003,2,134,1,18054,2,141,1,18070,,,,,,,,,,,,
15,2,1,98,-1,99,-1,100,-1,101,-1,102,-1,103,-1,104,-1,2,17,1,4003,2,20,1,5003,2,76,1,10023,2,134,1,18054,,,,,,,,,,,,
16,2,1,105,-1,106,-1,107,-1,108,-1,109,-1,110,-1,111,-1,2,75,1,10013,2,141,1,18070,2,134,1,18054,,,,,,,,,,,,,,,,
17,2,1,112,-1,113,-1,114,-1,115,-1,116,-1,117,-1,118,-1,2,7,1,2003,2,6,1,1003,2,76,1,10023,2,134,1,18054,,,,,,,,,,,,
18,2,1,119,-1,120,-1,121,-1,122,-1,123,-1,124,-1,125,-1,2,13,1,3003,2,77,1,10033,2,141,1,18070,2,134,1,18054,,,,,,,,,,,,
19,2,1,126,-1,127,-1,128,-1,129,-1,130,-1,131,-1,132,-1,2,17,1,4003,2,134,1,18054,2,75,1,10013,,,,,,,,,,,,,,,,
20,2,1,133,-1,134,-1,135,-1,136,-1,137,-1,138,-1,139,-1,2,20,1,5003,2,134,1,18054,2,75,1,10013,2,141,1,18070,,,,,,,,,,,,
21,2,1,140,-1,141,-1,142,-1,143,-1,144,-1,145,-1,146,-1,2,6,1,1003,2,77,1,10033,2,75,1,10013,2,134,1,18054,,,,,,,,,,,,
22,0,0,147,0,,,,,,,,,,,,,2,31,1,100,2,7,1,2003,2,25,2,6000,2,25,1,6001,2,25,1,6002,2,134,1,18057,2,141,1,18070
23,0,0,148,0,151,0,,,,,,,,,,,,,,,,,,,,,,,,,,,,,,,,,,,,,,
24,0,0,149,0,,,,,,,,,,,,,,,,,,,,,,,,,,,,,,,,,,,,,,,,
25,0,0,150,0,152,1,,,,,,,,,,,,,,,,,,,,,,,,,,,,,,,,,,,,,,
26,0,0,153,0,,,,,,,,,,,,,,,,,,,,,,,,,,,,,,,,,,,,,,,,
27,0,1,154,0,155,0,156,1,,,,,,,,,1,2,1,,2,6,1,1002,,,,,,,,,,,,,,,,,,,,
28,0,1,157,0,158,1,159,2,,,,,,,,,2,6,1,1000,1,2,1,,1,3,8,,,,,,,,,,,,,,,,,
29,0,1,160,0,161,1,162,2,163,2,,,,,,,2,7,1,2002,1,2,1,,1,3,10,,,,,,,,,,,,,,,,,
30,0,1,164,0,165,1,166,1,,,,,,,,,2,77,1,10032,2,7,1,2003,1,2,1,,,,,,,,,,,,,,,,,
31,0,1,167,0,168,1,169,1,,,,,,,,,1,2,1,,2,6,1,1002,,,,,,,,,,,,,,,,,,,,
32,0,1,170,0,171,0,172,1,173,1,174,1,175,1,,,2,13,1,3002,2,75,1,10012,2,134,1,18054,,,,,,,,,,,,,,,,
33,2,0,176,-1,177,-1,178,-1,179,-1,180,-1,181,-1,182,-1,2,141,1,18070,2,25,1,6003,2,78,1,10043,2,134,1,18054,,,,,,,,,,,,
34,3,1,183,-1,184,-1,185,-1,186,-1,187,-1,188,-1,189,-1,2,31,2,100,2,23,1,9002,2,25,1,6003,2,75,1,10013,2,134,1,18054,,,,,,,,
35,3,1,190,-1,191,-1,192,-1,193,-1,194,-1,195,-1,196,-1,2,141,1,18070,2,31,1,101,2,13,1,3003,2,78,2,10040,2,78,1,10041,2,78,1,10042,2,134,1,18054
36,3,1,197,-1,198,-1,199,-1,200,-1,201,-1,202,-1,203,-1,2,141,1,18070,2,31,1,102,2,17,1,4003,2,6,1,1003,2,75,1,10013,2,134,1,18054,,,,
37,3,1,204,-1,205,-1,206,-1,207,-1,208,-1,209,-1,210,-1,2,20,1,5003,2,76,1,10023,2,134,1,18054,,,,,,,,,,,,,,,,
38,3,1,211,-1,212,-1,213,-1,214,-1,215,-1,216,-1,217,-1,2,141,1,18070,2,6,1,1003,2,25,1,6003,2,75,1,10013,2,134,1,18054,,,,,,,,
39,3,1,218,-1,219,-1,220,-1,221,-1,222,-1,223,-1,224,-1,2,7,1,2003,2,75,1,10013,2,134,1,18054,,,,,,,,,,,,,,,,
40,3,1,225,-1,226,-1,227,-1,228,-1,229,-1,230,-1,231,-1,2,141,1,18070,2,13,1,3003,2,20,1,5003,2,134,1,18054,,,,,,,,,,,,
41,3,1,232,-1,233,-1,234,-1,235,-1,236,-1,237,-1,238,-1,2,17,1,4003,2,75,1,10013,2,134,1,18054,,,,,,,,,,,,,,,,
42,3,1,239,-1,240,-1,241,-1,242,-1,243,-1,244,-1,245,-1,2,141,1,18070,2,20,1,5003,2,77,1,10033,2,134,1,18054,,,,,,,,,,,,
43,3,1,246,-1,247,-1,248,-1,249,-1,250,-1,251,-1,252,-1,2,25,1,6003,2,74,1,10003,2,134,1,18054,,,,,,,,,,,,,,,,
44,3,1,253,-1,254,-1,255,-1,256,-1,257,-1,258,-1,259,-1,2,141,1,18070,2,6,1,1003,2,76,1,10023,2,75,1,10013,2,134,1,18054,,,,,,,,
45,3,1,260,-1,261,-1,262,-1,263,-1,264,-1,265,-1,266,-1,2,31,1,103,2,17,1,4003,2,75,1,10013,2,134,1,18054,,,,,,,,,,,,
46,3,1,267,-1,268,-1,269,-1,270,-1,271,-1,272,-1,273,-1,2,141,1,18070,2,7,1,2003,2,13,1,3003,2,134,1,18054,,,,,,,,,,,,
47,3,1,274,-1,275,-1,276,-1,277,-1,278,-1,279,-1,280,-1,2,17,1,4003,2,76,1,10003,2,75,1,10013,2,134,1,18054,,,,,,,,,,,,
48,3,1,281,-1,282,-1,283,-1,284,-1,285,-1,286,-1,287,-1,2,141,1,18070,2,20,1,5003,2,75,1,10013,2,134,1,18054,,,,,,,,,,,,
49,3,1,288,-1,289,-1,290,-1,291,-1,292,-1,293,-1,294,-1,2,74,1,10003,2,134,1,18054,,,,,,,,,,,,,,,,,,,,
50,3,1,295,-1,296,-1,297,-1,298,-1,299,-1,300,-1,301,-1,2,141,1,18070,2,23,1,9003,2,25,1,6003,2,75,1,10013,2,134,1,18054,,,,,,,,
51,3,1,302,-1,303,-1,304,-1,305,-1,306,-1,307,-1,308,-1,2,7,1,2003,2,6,1,1003,2,75,1,10013,2,134,1,18054,,,,,,,,,,,,
52,3,1,309,-1,310,-1,311,-1,312,-1,313,-1,314,-1,315,-1,2,25,1,6003,2,74,1,10003,2,141,1,18070,2,134,1,18054,,,,,,,,,,,,
53,4,1,316,-1,317,-1,318,-1,319,-1,320,-1,321,-1,322,-1,2,141,1,18070,2,17,1,4003,2,78,1,10043,2,134,1,18054,2,22,1,5028,,,,,,,,
54,4,1,323,-1,324,-1,325,-1,326,-1,327,-1,328,-1,329,-1,2,31,1,104,2,20,1,5003,2,75,1,10013,2,134,1,18054,,,,,,,,,,,,
55,4,1,330,-1,331,-1,332,-1,333,-1,334,-1,335,-1,336,-1,2,141,1,18070,2,25,1,6003,2,74,1,10003,2,75,1,10013,2,134,1,18054,2,1,1,1018,,,,
56,4,1,337,-1,338,-1,339,-1,340,-1,341,-1,342,-1,343,-1,2,6,1,1003,2,74,1,10003,2,134,1,18054,,,,,,,,,,,,,,,,
57,4,1,344,-1,345,-1,346,-1,347,-1,348,-1,349,-1,350,-1,2,141,1,18070,2,7,1,2003,2,76,1,10023,2,75,1,10013,2,134,1,18054,,,,,,,,
58,4,1,351,-1,352,-1,353,-1,354,-1,355,-1,356,-1,357,-1,2,17,1,4003,2,134,1,18054,2,18,1,4017,,,,,,,,,,,,,,,,
59,4,0,358,-1,359,-1,360,-1,361,-1,362,-1,363,-1,364,-1,2,141,1,18070,2,13,1,3003,2,75,1,10013,2,134,1,18054,2,21,1,5016,,,,,,,,
60,4,1,365,-1,366,-1,367,-1,368,-1,369,-1,370,-1,371,-1,2,141,1,18070,2,13,1,3003,2,20,1,5003,2,75,1,10013,2,134,1,18054,,,,,,,,
61,4,1,372,-1,373,-1,374,-1,375,-1,376,-1,377,-1,378,-1,2,6,1,1003,2,25,1,6003,2,1,1,1017,2,134,1,18054,,,,,,,,,,,,
62,4,1,379,-1,380,-1,381,-1,382,-1,383,-1,384,-1,385,-1,2,141,1,18070,2,7,1,2003,2,75,1,10013,2,134,1,18054,2,8,1,2028,,,,,,,,
63,4,1,386,-1,387,-1,388,-1,389,-1,390,-1,391,-1,392,-1,2,7,1,2003,2,13,1,3003,2,75,1,10013,2,134,1,18054,2,16,1,3027,,,,,,,,
64,4,1,393,-1,394,-1,395,-1,396,-1,397,-1,398,-1,399,-1,2,17,1,4003,2,77,1,10033,2,134,1,18054,2,18,1,4018,,,,,,,,,,,,
65,4,1,400,-1,401,-1,402,-1,403,-1,404,-1,405,-1,406,-1,2,141,1,18070,2,20,1,5003,2,76,1,10023,2,134,1,18054,,,,,,,,,,,,
66,4,1,407,-1,408,-1,409,-1,410,-1,411,-1,412,-1,413,-1,2,6,1,1003,2,25,1,6003,2,74,1,10003,2,134,1,18054,,,,,,,,,,,,
67,4,1,414,-1,415,-1,416,-1,417,-1,418,-1,419,-1,420,-1,2,141,1,18070,2,7,1,2003,2,134,1,18054,,,,,,,,,,,,,,,,
68,4,1,421,-1,422,-1,423,-1,424,-1,425,-1,426,-1,427,-1,2,141,1,18070,2,7,1,2003,2,74,1,10003,2,134,1,18054,,,,,,,,,,,,
69,4,0,428,-1,429,-1,430,-1,431,-1,432,-1,433,-1,434,-1,2,13,1,3003,2,76,1,10023,2,134,1,18054,,,,,,,,,,,,,,,,
70,4,1,435,-1,436,-1,437,-1,438,-1,439,-1,440,-1,441,-1,2,26,1,6003,2,17,1,4003,2,134,1,18054,2,141,1,18070,,,,,,,,,,,,
71,4,1,442,-1,443,-1,444,-1,445,-1,446,-1,447,-1,448,-1,2,75,1,10013,2,20,1,5003,2,13,1,3003,2,134,1,18054,,,,,,,,,,,,
72,4,1,449,-1,450,-1,451,-1,452,-1,453,-1,454,-1,455,-1,2,141,1,18070,2,7,1,2003,2,20,1,5003,2,134,1,18054,,,,,,,,,,,,
73,4,1,456,-1,457,-1,458,-1,459,-1,460,-1,461,-1,462,-1,2,141,1,18070,2,6,1,1003,2,134,1,18054,2,2,1,1028,,,,,,,,,,,,
74,4,1,463,-1,464,-1,465,-1,466,-1,467,-1,468,-1,469,-1,2,141,1,18070,2,79,2,7000,2,79,1,7001,2,79,1,7002,2,78,1,10043,2,134,1,18054,,,,
1,1,1,0,-1,1,-1,2,-1,3,-1,4,-1,5,-1,6,-1,2,13,1,3003,2,7,1,2003,2,141,1,18070,2,134,1,18054,,,,,,,,,,,,
2,1,1,7,-1,8,-1,9,-1,10,-1,11,-1,12,-1,13,-1,2,13,1,3003,2,77,1,10031,2,77,2,10030,2,77,1,10032,2,134,1,18054,2,141,1,18070,,,,
3,1,1,14,-1,15,-1,16,-1,17,-1,18,-1,19,-1,20,-1,2,13,1,3003,2,76,2,10020,2,76,1,10021,2,76,1,10022,2,134,1,18054,2,6,1,1003,2,141,1,18070
4,1,1,21,-1,22,-1,23,-1,24,-1,25,-1,26,-1,27,-1,2,17,1,4000,2,75,2,10012,2,13,1,3003,2,134,1,18054,2,141,1,18070,,,,,,,,
5,1,1,28,-1,29,-1,30,-1,31,-1,32,-1,33,-1,34,-1,2,7,1,2003,2,75,1,10013,2,74,2,10000,2,74,1,10001,2,74,1,10002,2,134,1,18054,2,141,1,18070
6,1,1,35,-1,36,-1,37,-1,38,-1,39,-1,40,-1,41,-1,2,13,1,3003,2,6,1,1003,2,17,1,4003,2,7,1,2003,2,134,1,18054,2,141,1,18070,,,,
7,2,1,42,-1,43,-1,44,-1,45,-1,46,-1,47,-1,48,-1,2,20,2,5000,2,20,1,5001,2,20,1,5002,2,6,1,1003,2,134,1,18054,2,141,1,18070,,,,
8,2,1,49,-1,50,-1,51,-1,52,-1,53,-1,54,-1,55,-1,2,74,1,10003,2,75,1,10013,2,134,1,18054,2,141,1,18070,,,,,,,,,,,,
9,2,1,56,-1,57,-1,58,-1,59,-1,60,-1,61,-1,62,-1,2,13,1,3003,2,20,1,5003,2,134,1,18054,,,,,,,,,,,,,,,,
10,2,1,63,-1,64,-1,65,-1,66,-1,67,-1,68,-1,69,-1,2,23,1,9000,2,17,1,4003,2,74,1,10003,2,134,1,18054,2,141,1,18070,,,,,,,,
11,2,1,70,-1,71,-1,72,-1,73,-1,74,-1,75,-1,76,-1,2,13,1,3003,2,6,1,1003,2,20,1,5003,2,134,1,18054,,,,,,,,,,,,
12,2,1,77,-1,78,-1,79,-1,80,-1,81,-1,82,-1,83,-1,2,23,1,9000,2,7,2,2002,2,134,1,18054,2,141,1,18070,,,,,,,,,,,,
13,2,1,84,-1,85,-1,86,-1,87,-1,88,-1,89,-1,90,-1,2,13,1,3003,2,17,1,4003,2,75,1,10013,2,134,1,18054,,,,,,,,,,,,
14,2,1,91,-1,92,-1,93,-1,94,-1,95,-1,96,-1,97,-1,2,23,1,9001,2,74,1,10003,2,134,1,18054,2,141,1,18070,,,,,,,,,,,,
15,2,1,98,-1,99,-1,100,-1,101,-1,102,-1,103,-1,104,-1,2,17,1,4003,2,20,1,5003,2,76,1,10023,2,134,1,18054,,,,,,,,,,,,
16,2,1,105,-1,106,-1,107,-1,108,-1,109,-1,110,-1,111,-1,2,75,1,10013,2,141,1,18070,2,134,1,18054,,,,,,,,,,,,,,,,
17,2,1,112,-1,113,-1,114,-1,115,-1,116,-1,117,-1,118,-1,2,7,1,2003,2,6,1,1003,2,76,1,10023,2,134,1,18054,,,,,,,,,,,,
18,2,1,119,-1,120,-1,121,-1,122,-1,123,-1,124,-1,125,-1,2,13,1,3003,2,77,1,10033,2,141,1,18070,2,134,1,18054,,,,,,,,,,,,
19,2,1,126,-1,127,-1,128,-1,129,-1,130,-1,131,-1,132,-1,2,17,1,4003,2,134,1,18054,2,75,1,10013,,,,,,,,,,,,,,,,
20,2,1,133,-1,134,-1,135,-1,136,-1,137,-1,138,-1,139,-1,2,20,1,5003,2,134,1,18054,2,75,1,10013,2,141,1,18070,,,,,,,,,,,,
21,2,1,140,-1,141,-1,142,-1,143,-1,144,-1,145,-1,146,-1,2,6,1,1003,2,77,1,10033,2,75,1,10013,2,134,1,18054,,,,,,,,,,,,
33,2,0,176,-1,177,-1,178,-1,179,-1,180,-1,181,-1,182,-1,2,141,1,18070,2,25,1,6003,2,78,1,10043,2,134,1,18054,,,,,,,,,,,,
22,0,0,147,0,,,,,,,,,,,,,2,31,1,100,2,7,1,2003,2,25,2,6000,2,25,1,6001,2,25,1,6002,2,134,1,18057,2,141,1,18070
23,0,0,148,0,151,0,,,,,,,,,,,,,,,,,,,,,,,,,,,,,,,,,,,,,,
24,0,0,149,0,,,,,,,,,,,,,,,,,,,,,,,,,,,,,,,,,,,,,,,,
25,0,0,150,0,152,1,,,,,,,,,,,,,,,,,,,,,,,,,,,,,,,,,,,,,,
26,0,0,153,0,,,,,,,,,,,,,,,,,,,,,,,,,,,,,,,,,,,,,,,,
27,0,1,154,0,155,0,156,1,,,,,,,,,1,2,1,,2,6,1,1002,,,,,,,,,,,,,,,,,,,,
28,0,1,157,0,158,1,159,2,,,,,,,,,2,6,1,1000,1,2,1,,1,3,8,,,,,,,,,,,,,,,,,
29,0,1,160,0,161,1,162,2,163,2,,,,,,,2,7,1,2002,1,2,1,,1,3,10,,,,,,,,,,,,,,,,,
30,0,1,164,0,165,1,166,1,,,,,,,,,2,77,1,10032,2,7,1,2003,1,2,1,,,,,,,,,,,,,,,,,
31,0,1,167,0,168,1,169,1,,,,,,,,,1,2,1,,2,6,1,1002,,,,,,,,,,,,,,,,,,,,
32,0,1,170,0,171,0,172,1,173,1,174,1,175,1,,,2,13,1,3002,2,75,1,10012,2,134,1,18054,,,,,,,,,,,,,,,,
34,3,1,183,-1,184,-1,185,-1,186,-1,187,-1,188,-1,189,-1,2,31,2,100,2,23,1,9002,2,25,1,6003,2,75,1,10013,2,134,1,18054,,,,,,,,
35,3,1,190,-1,191,-1,192,-1,193,-1,194,-1,195,-1,196,-1,2,141,1,18070,2,31,1,101,2,13,1,3003,2,78,2,10040,2,78,1,10041,2,78,1,10042,2,134,1,18054
36,3,1,197,-1,198,-1,199,-1,200,-1,201,-1,202,-1,203,-1,2,141,1,18070,2,31,1,102,2,17,1,4003,2,6,1,1003,2,75,1,10013,2,134,1,18054,,,,
37,3,1,204,-1,205,-1,206,-1,207,-1,208,-1,209,-1,210,-1,2,20,1,5003,2,76,1,10023,2,134,1,18054,,,,,,,,,,,,,,,,
38,3,1,211,-1,212,-1,213,-1,214,-1,215,-1,216,-1,217,-1,2,141,1,18070,2,6,1,1003,2,25,1,6003,2,75,1,10013,2,134,1,18054,,,,,,,,
39,3,1,218,-1,219,-1,220,-1,221,-1,222,-1,223,-1,224,-1,2,7,1,2003,2,75,1,10013,2,134,1,18054,,,,,,,,,,,,,,,,
40,3,1,225,-1,226,-1,227,-1,228,-1,229,-1,230,-1,231,-1,2,141,1,18070,2,13,1,3003,2,20,1,5003,2,134,1,18054,,,,,,,,,,,,
41,3,1,232,-1,233,-1,234,-1,235,-1,236,-1,237,-1,238,-1,2,17,1,4003,2,75,1,10013,2,134,1,18054,,,,,,,,,,,,,,,,
42,3,1,239,-1,240,-1,241,-1,242,-1,243,-1,244,-1,245,-1,2,141,1,18070,2,20,1,5003,2,77,1,10033,2,134,1,18054,,,,,,,,,,,,
43,3,1,246,-1,247,-1,248,-1,249,-1,250,-1,251,-1,252,-1,2,25,1,6003,2,74,1,10003,2,134,1,18054,,,,,,,,,,,,,,,,
44,3,1,253,-1,254,-1,255,-1,256,-1,257,-1,258,-1,259,-1,2,141,1,18070,2,6,1,1003,2,76,1,10023,2,75,1,10013,2,134,1,18054,,,,,,,,
45,3,1,260,-1,261,-1,262,-1,263,-1,264,-1,265,-1,266,-1,2,31,1,103,2,17,1,4003,2,75,1,10013,2,134,1,18054,,,,,,,,,,,,
46,3,1,267,-1,268,-1,269,-1,270,-1,271,-1,272,-1,273,-1,2,141,1,18070,2,7,1,2003,2,13,1,3003,2,134,1,18054,,,,,,,,,,,,
47,3,1,274,-1,275,-1,276,-1,277,-1,278,-1,279,-1,280,-1,2,17,1,4003,2,76,1,10003,2,75,1,10013,2,134,1,18054,,,,,,,,,,,,
48,3,1,281,-1,282,-1,283,-1,284,-1,285,-1,286,-1,287,-1,2,141,1,18070,2,20,1,5003,2,75,1,10013,2,134,1,18054,,,,,,,,,,,,
49,3,1,288,-1,289,-1,290,-1,291,-1,292,-1,293,-1,294,-1,2,74,1,10003,2,134,1,18054,,,,,,,,,,,,,,,,,,,,
50,3,1,295,-1,296,-1,297,-1,298,-1,299,-1,300,-1,301,-1,2,141,1,18070,2,23,1,9003,2,25,1,6003,2,75,1,10013,2,134,1,18054,,,,,,,,
51,3,1,302,-1,303,-1,304,-1,305,-1,306,-1,307,-1,308,-1,2,7,1,2003,2,6,1,1003,2,75,1,10013,2,134,1,18054,,,,,,,,,,,,
52,3,1,309,-1,310,-1,311,-1,312,-1,313,-1,314,-1,315,-1,2,25,1,6003,2,74,1,10003,2,141,1,18070,2,134,1,18054,,,,,,,,,,,,
53,4,1,316,-1,317,-1,318,-1,319,-1,320,-1,321,-1,322,-1,2,141,1,18070,2,17,1,4003,2,78,1,10043,2,134,1,18054,2,22,1,5028,,,,,,,,
54,4,1,323,-1,324,-1,325,-1,326,-1,327,-1,328,-1,329,-1,2,31,1,104,2,20,1,5003,2,75,1,10013,2,134,1,18054,,,,,,,,,,,,
55,4,1,330,-1,331,-1,332,-1,333,-1,334,-1,335,-1,336,-1,2,141,1,18070,2,25,1,6003,2,74,1,10003,2,75,1,10013,2,134,1,18054,2,1,1,1018,,,,
56,4,1,337,-1,338,-1,339,-1,340,-1,341,-1,342,-1,343,-1,2,6,1,1003,2,74,1,10003,2,134,1,18054,,,,,,,,,,,,,,,,
57,4,1,344,-1,345,-1,346,-1,347,-1,348,-1,349,-1,350,-1,2,141,1,18070,2,7,1,2003,2,76,1,10023,2,75,1,10013,2,134,1,18054,,,,,,,,
58,4,1,351,-1,352,-1,353,-1,354,-1,355,-1,356,-1,357,-1,2,17,1,4003,2,134,1,18054,2,18,1,4017,,,,,,,,,,,,,,,,
59,4,0,358,-1,359,-1,360,-1,361,-1,362,-1,363,-1,364,-1,2,141,1,18070,2,13,1,3003,2,75,1,10013,2,134,1,18054,2,21,1,5016,,,,,,,,
60,4,1,365,-1,366,-1,367,-1,368,-1,369,-1,370,-1,371,-1,2,141,1,18070,2,13,1,3003,2,20,1,5003,2,75,1,10013,2,134,1,18054,,,,,,,,
61,4,1,372,-1,373,-1,374,-1,375,-1,376,-1,377,-1,378,-1,2,6,1,1003,2,25,1,6003,2,1,1,1017,2,134,1,18054,,,,,,,,,,,,
62,4,1,379,-1,380,-1,381,-1,382,-1,383,-1,384,-1,385,-1,2,141,1,18070,2,7,1,2003,2,75,1,10013,2,134,1,18054,2,8,1,2028,,,,,,,,
63,4,1,386,-1,387,-1,388,-1,389,-1,390,-1,391,-1,392,-1,2,7,1,2003,2,13,1,3003,2,75,1,10013,2,134,1,18054,2,16,1,3027,,,,,,,,
64,4,1,393,-1,394,-1,395,-1,396,-1,397,-1,398,-1,399,-1,2,17,1,4003,2,77,1,10033,2,134,1,18054,2,18,1,4018,,,,,,,,,,,,
65,4,1,400,-1,401,-1,402,-1,403,-1,404,-1,405,-1,406,-1,2,141,1,18070,2,20,1,5003,2,76,1,10023,2,134,1,18054,,,,,,,,,,,,
66,4,1,407,-1,408,-1,409,-1,410,-1,411,-1,412,-1,413,-1,2,6,1,1003,2,25,1,6003,2,74,1,10003,2,134,1,18054,,,,,,,,,,,,
67,4,1,414,-1,415,-1,416,-1,417,-1,418,-1,419,-1,420,-1,2,141,1,18070,2,7,1,2003,2,134,1,18054,,,,,,,,,,,,,,,,
68,4,1,421,-1,422,-1,423,-1,424,-1,425,-1,426,-1,427,-1,2,141,1,18070,2,7,1,2003,2,74,1,10003,2,134,1,18054,,,,,,,,,,,,
69,4,0,428,-1,429,-1,430,-1,431,-1,432,-1,433,-1,434,-1,2,13,1,3003,2,76,1,10023,2,134,1,18054,,,,,,,,,,,,,,,,
70,4,1,435,-1,436,-1,437,-1,438,-1,439,-1,440,-1,441,-1,2,26,1,6003,2,17,1,4003,2,134,1,18054,2,141,1,18070,,,,,,,,,,,,
71,4,1,442,-1,443,-1,444,-1,445,-1,446,-1,447,-1,448,-1,2,75,1,10013,2,20,1,5003,2,13,1,3003,2,134,1,18054,,,,,,,,,,,,
72,4,1,449,-1,450,-1,451,-1,452,-1,453,-1,454,-1,455,-1,2,141,1,18070,2,7,1,2003,2,20,1,5003,2,134,1,18054,,,,,,,,,,,,
73,4,1,456,-1,457,-1,458,-1,459,-1,460,-1,461,-1,462,-1,2,141,1,18070,2,6,1,1003,2,134,1,18054,2,2,1,1028,,,,,,,,,,,,
74,4,1,463,-1,464,-1,465,-1,466,-1,467,-1,468,-1,469,-1,2,141,1,18070,2,79,2,7000,2,79,1,7001,2,79,1,7002,2,78,1,10043,2,134,1,18054,,,,
